dateFrom;dateThru;Group;promotionType;sku;store
1.01.2012;31.01.2012;Special;Media;1122735;
1.01.2012;31.01.2012;Special;Media;1114952;
1.01.2012;31.01.2012;Special;Media;1100480;
6.01.2012;2.02.2012;flyer;Flyer;2014630;
6.01.2012;2.02.2012;flyer;Flyer;1111699;
6.01.2012;2.02.2012;flyer;Flyer;1106885;
6.01.2012;2.02.2012;flyer;Flyer;1101227;
3.02.2012;1.03.2012;flyer;Flyer;2014440;
3.02.2012;1.03.2012;flyer;Flyer;1122022;
3.02.2012;1.03.2012;flyer;Flyer;1113493;
3.02.2012;1.03.2012;flyer;Flyer;1111699;
3.02.2012;1.03.2012;flyer;Flyer;1100552;
3.02.2012;1.03.2012;flyer;Flyer;1100480;
2.03.2012;5.04.2012;flyer;Flyer;1123317;
2.03.2012;5.04.2012;flyer;Flyer;1117427;
2.03.2012;5.04.2012;flyer;Flyer;1115262;
2.03.2012;5.04.2012;flyer;Flyer;1111699;
2.03.2012;5.04.2012;flyer;Flyer;1107498;
2.03.2012;5.04.2012;flyer;Flyer;1100480;
2.03.2012;5.04.2012;flyer;Flyer;1086953;
2.03.2012;5.04.2012;flyer;Flyer;1036974;
2.03.2012;5.04.2012;flyer;Flyer;1036968;
6.04.2012;3.05.2012;flyer;Flyer;2015189;
6.04.2012;3.05.2012;flyer;Flyer;2013624;
6.04.2012;3.05.2012;flyer;Flyer;2012843;
6.04.2012;3.05.2012;flyer;Flyer;1124207;
6.04.2012;3.05.2012;flyer;Flyer;1124050;
6.04.2012;3.05.2012;flyer;Flyer;1124048;
6.04.2012;3.05.2012;flyer;Flyer;1117427;
6.04.2012;3.05.2012;flyer;Flyer;1107498;
6.04.2012;3.05.2012;flyer;Flyer;1100480;
6.04.2012;3.05.2012;flyer;Flyer;1095699;
6.04.2012;3.05.2012;flyer;Flyer;1095693;
6.04.2012;3.05.2012;flyer;Flyer;1086953;
6.04.2012;3.05.2012;flyer;Flyer;1074865;
6.04.2012;3.05.2012;flyer;Flyer;1071580;
6.04.2012;3.05.2012;flyer;Flyer;1067726;
6.04.2012;3.05.2012;flyer;Flyer;1036974;
6.04.2012;3.05.2012;flyer;Flyer;1036968;
1.05.2012;31.05.2012;Special;Media;1134245;
1.05.2012;31.05.2012;Special;Media;1134240;
1.05.2012;31.05.2012;Special;Media;1134239;
1.05.2012;31.05.2012;Special;Media;1134238;
1.05.2012;31.05.2012;Special;Media;1134235;
1.05.2012;31.05.2012;Special;Media;1124157;
1.05.2012;31.05.2012;Special;Media;1124050;
1.05.2012;31.05.2012;Special;Media;1124048;
4.05.2012;31.05.2012;flyer;Flyer;2015280;
4.05.2012;31.05.2012;flyer;Flyer;2014440;
4.05.2012;31.05.2012;flyer;Flyer;2013624;
4.05.2012;31.05.2012;flyer;Flyer;1124157;
4.05.2012;31.05.2012;flyer;Flyer;1124050;
4.05.2012;31.05.2012;flyer;Flyer;1124048;
4.05.2012;31.05.2012;flyer;Flyer;1122154;
4.05.2012;31.05.2012;flyer;Flyer;1117427;
4.05.2012;31.05.2012;flyer;Flyer;1115262;
4.05.2012;31.05.2012;flyer;Flyer;1110029;
4.05.2012;31.05.2012;flyer;Flyer;1100480;
1.06.2012;5.07.2012;flyer;Flyer;2015189;
1.06.2012;5.07.2012;flyer;Flyer;2009364;
1.06.2012;5.07.2012;flyer;Flyer;1130504;
1.06.2012;5.07.2012;flyer;Flyer;1129888;
1.06.2012;5.07.2012;flyer;Flyer;1124207;
1.06.2012;5.07.2012;flyer;Flyer;1124050;
1.06.2012;5.07.2012;flyer;Flyer;1124048;
1.06.2012;5.07.2012;flyer;Flyer;1117427;
1.06.2012;5.07.2012;flyer;Flyer;1113493;
1.06.2012;5.07.2012;flyer;Flyer;1101227;
1.06.2012;5.07.2012;flyer;Flyer;1100480;
1.06.2012;5.07.2012;flyer;Flyer;1095699;
1.06.2012;5.07.2012;flyer;Flyer;1095693;
1.06.2012;5.07.2012;flyer;Flyer;1080774;
1.06.2012;5.07.2012;flyer;Flyer;1071580;
1.06.2012;5.07.2012;flyer;Flyer;1071180;
1.06.2012;5.07.2012;flyer;Flyer;1024511;
6.07.2012;2.08.2012;flyer;Flyer;2015289;
6.07.2012;2.08.2012;flyer;Flyer;2015276;
6.07.2012;2.08.2012;flyer;Flyer;2014273;
6.07.2012;2.08.2012;flyer;Flyer;2014272;
6.07.2012;2.08.2012;flyer;Flyer;2014271;
6.07.2012;2.08.2012;flyer;Flyer;2014267;
6.07.2012;2.08.2012;flyer;Flyer;2014243;
6.07.2012;2.08.2012;flyer;Flyer;2013624;
6.07.2012;2.08.2012;flyer;Flyer;2011738;
6.07.2012;2.08.2012;flyer;Flyer;2010150;
6.07.2012;2.08.2012;flyer;Flyer;2006025;
6.07.2012;2.08.2012;flyer;Flyer;2006024;
6.07.2012;2.08.2012;flyer;Flyer;1136716;
6.07.2012;2.08.2012;flyer;Flyer;1124122;
6.07.2012;2.08.2012;flyer;Flyer;1119007;
6.07.2012;2.08.2012;flyer;Flyer;1115262;
6.07.2012;2.08.2012;flyer;Flyer;1110029;
6.07.2012;2.08.2012;flyer;Flyer;1107498;
6.07.2012;2.08.2012;flyer;Flyer;1100480;
6.07.2012;2.08.2012;flyer;Flyer;1086953;
6.07.2012;2.08.2012;flyer;Flyer;1084124;
6.07.2012;2.08.2012;flyer;Flyer;1084123;
6.07.2012;2.08.2012;flyer;Flyer;1036974;
6.07.2012;2.08.2012;flyer;Flyer;1036968;
1.09.2012;30.09.2012;Special;Media;1137166;
1.09.2012;30.09.2012;Special;Media;1115262;
1.09.2012;30.09.2012;Special;Media;1075951;
31.08.2012;4.10.2012;flyer;Flyer;2016391;
31.08.2012;4.10.2012;flyer;Flyer;2016375;
31.08.2012;4.10.2012;flyer;Flyer;2016374;
31.08.2012;4.10.2012;flyer;Flyer;2015189;
31.08.2012;4.10.2012;flyer;Flyer;2012700;
31.08.2012;4.10.2012;flyer;Flyer;2009141;
31.08.2012;4.10.2012;flyer;Flyer;1137855;
31.08.2012;4.10.2012;flyer;Flyer;1137678;
31.08.2012;4.10.2012;flyer;Flyer;1137559;
31.08.2012;4.10.2012;flyer;Flyer;1137378;
31.08.2012;4.10.2012;flyer;Flyer;1137377;
31.08.2012;4.10.2012;flyer;Flyer;1137376;
31.08.2012;4.10.2012;flyer;Flyer;1137375;
31.08.2012;4.10.2012;flyer;Flyer;1137374;
31.08.2012;4.10.2012;flyer;Flyer;1137373;
31.08.2012;4.10.2012;flyer;Flyer;1137362;
31.08.2012;4.10.2012;flyer;Flyer;1137166;
31.08.2012;4.10.2012;flyer;Flyer;1136951;
31.08.2012;4.10.2012;flyer;Flyer;1136716;
31.08.2012;4.10.2012;flyer;Flyer;1117427;
31.08.2012;4.10.2012;flyer;Flyer;1116994;
31.08.2012;4.10.2012;flyer;Flyer;1100552;
31.08.2012;4.10.2012;flyer;Flyer;1100480;
31.08.2012;4.10.2012;flyer;Flyer;1075951;
5.10.2012;1.11.2012;flyer;Flyer;2009134;
5.10.2012;1.11.2012;flyer;Flyer;1138291;
5.10.2012;1.11.2012;flyer;Flyer;1137700;
5.10.2012;1.11.2012;flyer;Flyer;1137699;
5.10.2012;1.11.2012;flyer;Flyer;1137698;
5.10.2012;1.11.2012;flyer;Flyer;1137559;
5.10.2012;1.11.2012;flyer;Flyer;1137378;
5.10.2012;1.11.2012;flyer;Flyer;1137377;
5.10.2012;1.11.2012;flyer;Flyer;1137376;
5.10.2012;1.11.2012;flyer;Flyer;1137375;
5.10.2012;1.11.2012;flyer;Flyer;1137374;
5.10.2012;1.11.2012;flyer;Flyer;1137373;
5.10.2012;1.11.2012;flyer;Flyer;1137362;
5.10.2012;1.11.2012;flyer;Flyer;1115186;
2.11.2012;29.11.2012;flyer;Flyer;2016310;
2.11.2012;29.11.2012;flyer;Flyer;2015795;
2.11.2012;29.11.2012;flyer;Flyer;2015189;
2.11.2012;29.11.2012;flyer;Flyer;2014498;
2.11.2012;29.11.2012;flyer;Flyer;1138739;
2.11.2012;29.11.2012;flyer;Flyer;1137747;
2.11.2012;29.11.2012;flyer;Flyer;1136716;
2.11.2012;29.11.2012;flyer;Flyer;1113493;
2.11.2012;29.11.2012;flyer;Flyer;1100480;
2.11.2012;29.11.2012;flyer;Flyer;1092791;
2.11.2012;29.11.2012;flyer;Flyer;1084123;
1.11.2012;30.11.2012;Special;Media;2015795;
1.11.2012;30.11.2012;Special;Media;1138739;
1.11.2012;30.11.2012;Special;Media;1075951;
30.11.2012;3.01.2013;flyer;Flyer;2015795;
30.11.2012;3.01.2013;flyer;Flyer;2015463;
30.11.2012;3.01.2013;flyer;Flyer;2010774;
30.11.2012;3.01.2013;flyer;Flyer;2009134;
30.11.2012;3.01.2013;flyer;Flyer;1138828;
30.11.2012;3.01.2013;flyer;Flyer;1136951;
30.11.2012;3.01.2013;flyer;Flyer;1136716;
30.11.2012;3.01.2013;flyer;Flyer;1134110;
30.11.2012;3.01.2013;flyer;Flyer;1130504;
30.11.2012;3.01.2013;flyer;Flyer;1126220;
30.11.2012;3.01.2013;flyer;Flyer;1126215;
30.11.2012;3.01.2013;flyer;Flyer;1113805;
30.11.2012;3.01.2013;flyer;Flyer;1092973;
30.11.2012;3.01.2013;flyer;Flyer;1078415;
30.11.2012;3.01.2013;flyer;Flyer;1024163;
4.01.2013;31.01.2013;flyer;Flyer;2016310;
4.01.2013;31.01.2013;flyer;Flyer;2015795;
4.01.2013;31.01.2013;flyer;Flyer;2015463;
4.01.2013;31.01.2013;flyer;Flyer;2015399;
4.01.2013;31.01.2013;flyer;Flyer;2014630;
4.01.2013;31.01.2013;flyer;Flyer;2014498;
4.01.2013;31.01.2013;flyer;Flyer;2014440;
4.01.2013;31.01.2013;flyer;Flyer;1139838;
4.01.2013;31.01.2013;flyer;Flyer;1139433;
4.01.2013;31.01.2013;flyer;Flyer;1139432;
4.01.2013;31.01.2013;flyer;Flyer;1139431;
4.01.2013;31.01.2013;flyer;Flyer;1139123;
4.01.2013;31.01.2013;flyer;Flyer;1139074;
4.01.2013;31.01.2013;flyer;Flyer;1138828;
4.01.2013;31.01.2013;flyer;Flyer;1137700;
4.01.2013;31.01.2013;flyer;Flyer;1137699;
4.01.2013;31.01.2013;flyer;Flyer;1137698;
4.01.2013;31.01.2013;flyer;Flyer;1137559;
4.01.2013;31.01.2013;flyer;Flyer;1137472;
4.01.2013;31.01.2013;flyer;Flyer;1137378;
4.01.2013;31.01.2013;flyer;Flyer;1137377;
4.01.2013;31.01.2013;flyer;Flyer;1137376;
4.01.2013;31.01.2013;flyer;Flyer;1137375;
4.01.2013;31.01.2013;flyer;Flyer;1137374;
4.01.2013;31.01.2013;flyer;Flyer;1137373;
4.01.2013;31.01.2013;flyer;Flyer;1137362;
4.01.2013;31.01.2013;flyer;Flyer;1137166;
4.01.2013;31.01.2013;flyer;Flyer;1136716;
4.01.2013;31.01.2013;flyer;Flyer;1126220;
4.01.2013;31.01.2013;flyer;Flyer;1126215;
4.01.2013;31.01.2013;flyer;Flyer;1117174;
4.01.2013;31.01.2013;flyer;Flyer;1117146;
4.01.2013;31.01.2013;flyer;Flyer;1092791;
4.01.2013;31.01.2013;flyer;Flyer;1084123;
1.02.2013;28.02.2013;flyer;Flyer;2015795;
1.02.2013;28.02.2013;flyer;Flyer;2014440;
1.02.2013;28.02.2013;flyer;Flyer;2004122;
1.02.2013;28.02.2013;flyer;Flyer;1139904;
1.02.2013;28.02.2013;flyer;Flyer;1139123;
1.02.2013;28.02.2013;flyer;Flyer;1137759;
1.02.2013;28.02.2013;flyer;Flyer;1116257;
1.02.2013;28.02.2013;flyer;Flyer;1113493;
1.02.2013;28.02.2013;flyer;Flyer;1111699;
1.02.2013;28.02.2013;flyer;Flyer;1106159;
1.02.2013;28.02.2013;flyer;Flyer;1100480;
1.02.2013;28.02.2013;flyer;Flyer;1096523;
1.02.2013;28.02.2013;flyer;Flyer;1084123;
1.02.2013;28.02.2013;Special;Media;1136716;
1.03.2013;4.04.2013;flyer;Flyer;2015795;
1.03.2013;4.04.2013;flyer;Flyer;2015463;
1.03.2013;4.04.2013;flyer;Flyer;2015399;
1.03.2013;4.04.2013;flyer;Flyer;2015390;
1.03.2013;4.04.2013;flyer;Flyer;1139904;
1.03.2013;4.04.2013;flyer;Flyer;1137599;
1.03.2013;4.04.2013;flyer;Flyer;1137559;
1.03.2013;4.04.2013;flyer;Flyer;1137378;
1.03.2013;4.04.2013;flyer;Flyer;1137377;
1.03.2013;4.04.2013;flyer;Flyer;1137376;
1.03.2013;4.04.2013;flyer;Flyer;1137375;
1.03.2013;4.04.2013;flyer;Flyer;1137374;
1.03.2013;4.04.2013;flyer;Flyer;1137373;
1.03.2013;4.04.2013;flyer;Flyer;1137362;
1.03.2013;4.04.2013;flyer;Flyer;1137166;
1.03.2013;4.04.2013;flyer;Flyer;1136716;
1.03.2013;4.04.2013;flyer;Flyer;1134110;
1.03.2013;4.04.2013;flyer;Flyer;1124122;
1.03.2013;4.04.2013;flyer;Flyer;1111685;
1.03.2013;4.04.2013;flyer;Flyer;1111684;
1.03.2013;4.04.2013;flyer;Flyer;1111683;
1.03.2013;4.04.2013;flyer;Flyer;1111682;
1.03.2013;4.04.2013;flyer;Flyer;1111681;
1.03.2013;4.04.2013;flyer;Flyer;1111680;
1.03.2013;4.04.2013;flyer;Flyer;1111679;
1.03.2013;4.04.2013;flyer;Flyer;1111678;
1.03.2013;4.04.2013;flyer;Flyer;1084123;
1.03.2013;4.04.2013;flyer;Flyer;1061383;
1.04.2013;30.04.2013;Special;Media;2015795;
1.04.2013;30.04.2013;Special;Media;1137510;
5.04.2013;2.05.2013;flyer;Flyer;2016310;
5.04.2013;2.05.2013;flyer;Flyer;2011738;
5.04.2013;2.05.2013;flyer;Flyer;1143065;
5.04.2013;2.05.2013;flyer;Flyer;1119818;
5.04.2013;2.05.2013;flyer;Flyer;1111699;
5.04.2013;2.05.2013;flyer;Flyer;1104272;
5.04.2013;2.05.2013;flyer;Flyer;1096523;
5.04.2013;2.05.2013;flyer;Flyer;1089662;
4.05.2013;12.05.2013;Special;Mother's Day;1144231;
4.05.2013;12.05.2013;Special;Mother's Day;1142854;
4.05.2013;12.05.2013;Special;Mother's Day;1142685;
4.05.2013;12.05.2013;Special;Mother's Day;1141757;
4.05.2013;12.05.2013;Special;Mother's Day;1139591;
4.05.2013;12.05.2013;Special;Mother's Day;1139572;
4.05.2013;12.05.2013;Special;Mother's Day;1139444;
4.05.2013;12.05.2013;Special;Mother's Day;1138291;
4.05.2013;12.05.2013;Special;Mother's Day;1137763;
4.05.2013;12.05.2013;Special;Mother's Day;1137759;
4.05.2013;12.05.2013;Special;Mother's Day;1137678;
4.05.2013;12.05.2013;Special;Mother's Day;1136806;
4.05.2013;12.05.2013;Special;Mother's Day;1136722;
4.05.2013;12.05.2013;Special;Mother's Day;1132770;
4.05.2013;12.05.2013;Special;Mother's Day;1132763;
4.05.2013;12.05.2013;Special;Mother's Day;1132759;
4.05.2013;12.05.2013;Special;Mother's Day;1132560;
4.05.2013;12.05.2013;Special;Mother's Day;1130637;
4.05.2013;12.05.2013;Special;Mother's Day;1130548;
4.05.2013;12.05.2013;Special;Mother's Day;1130540;
4.05.2013;12.05.2013;Special;Mother's Day;1130504;
4.05.2013;12.05.2013;Special;Mother's Day;1130069;
4.05.2013;12.05.2013;Special;Mother's Day;1128141;
4.05.2013;12.05.2013;Special;Mother's Day;1125355;
4.05.2013;12.05.2013;Special;Mother's Day;1124298;
4.05.2013;12.05.2013;Special;Mother's Day;1122086;
4.05.2013;12.05.2013;Special;Mother's Day;1121749;
4.05.2013;12.05.2013;Special;Mother's Day;1121744;
4.05.2013;12.05.2013;Special;Mother's Day;1121592;
4.05.2013;12.05.2013;Special;Mother's Day;1121085;
4.05.2013;12.05.2013;Special;Mother's Day;1120618;
4.05.2013;12.05.2013;Special;Mother's Day;1120491;
4.05.2013;12.05.2013;Special;Mother's Day;1119007;
4.05.2013;12.05.2013;Special;Mother's Day;1118812;
4.05.2013;12.05.2013;Special;Mother's Day;1118605;
4.05.2013;12.05.2013;Special;Mother's Day;1118009;
4.05.2013;12.05.2013;Special;Mother's Day;1118008;
4.05.2013;12.05.2013;Special;Mother's Day;1117551;
4.05.2013;12.05.2013;Special;Mother's Day;1116407;
4.05.2013;12.05.2013;Special;Mother's Day;1116307;
4.05.2013;12.05.2013;Special;Mother's Day;1115186;
4.05.2013;12.05.2013;Special;Mother's Day;1114768;
4.05.2013;12.05.2013;Special;Mother's Day;1114277;
4.05.2013;12.05.2013;Special;Mother's Day;1112592;
4.05.2013;12.05.2013;Special;Mother's Day;1112145;
4.05.2013;12.05.2013;Special;Mother's Day;1109579;
4.05.2013;12.05.2013;Special;Mother's Day;1108340;
4.05.2013;12.05.2013;Special;Mother's Day;1108114;
4.05.2013;12.05.2013;Special;Mother's Day;1107909;
4.05.2013;12.05.2013;Special;Mother's Day;1107242;
4.05.2013;12.05.2013;Special;Mother's Day;1106746;
4.05.2013;12.05.2013;Special;Mother's Day;1106127;
4.05.2013;12.05.2013;Special;Mother's Day;1105466;
4.05.2013;12.05.2013;Special;Mother's Day;1102747;
4.05.2013;12.05.2013;Special;Mother's Day;1102743;
4.05.2013;12.05.2013;Special;Mother's Day;1100552;
4.05.2013;12.05.2013;Special;Mother's Day;1100243;
4.05.2013;12.05.2013;Special;Mother's Day;1097560;
4.05.2013;12.05.2013;Special;Mother's Day;1097559;
4.05.2013;12.05.2013;Special;Mother's Day;1096887;
4.05.2013;12.05.2013;Special;Mother's Day;1089237;
4.05.2013;12.05.2013;Special;Mother's Day;1089234;
4.05.2013;12.05.2013;Special;Mother's Day;1084685;
4.05.2013;12.05.2013;Special;Mother's Day;1079845;
4.05.2013;12.05.2013;Special;Mother's Day;1075664;
3.05.2013;30.05.2013;flyer;Flyer;2017147;
3.05.2013;30.05.2013;flyer;Flyer;2015795;
3.05.2013;30.05.2013;flyer;Flyer;2015289;
3.05.2013;30.05.2013;flyer;Flyer;2015280;
3.05.2013;30.05.2013;flyer;Flyer;2015276;
3.05.2013;30.05.2013;flyer;Flyer;2013624;
3.05.2013;30.05.2013;flyer;Flyer;2012843;
3.05.2013;30.05.2013;flyer;Flyer;1143229;
3.05.2013;30.05.2013;flyer;Flyer;1137166;
3.05.2013;30.05.2013;flyer;Flyer;1136716;
3.05.2013;30.05.2013;flyer;Flyer;1122154;
3.05.2013;30.05.2013;flyer;Flyer;1100480;
3.05.2013;30.05.2013;flyer;Flyer;1024163;
1.05.2013;31.05.2013;Special;Arrival;2018513;
1.05.2013;31.05.2013;Special;Arrival;2017641;
1.05.2013;31.05.2013;Special;Media;2017225;
1.05.2013;31.05.2013;Special;Arrival;2015289;
1.05.2013;31.05.2013;Special;Arrival;1143635;
1.05.2013;31.05.2013;Special;Arrival;1139494;
1.05.2013;31.05.2013;Special;Arrival;1138118;
1.05.2013;31.05.2013;Special;Arrival;1124050;
1.05.2013;31.05.2013;Special;Arrival;1124048;
1.05.2013;31.05.2013;Special;Arrival;1119818;
1.05.2013;31.05.2013;STORE;VACATION OUTDOOR MAY;2017641;STORE12
1.05.2013;31.05.2013;STORE;VACATION OUTDOOR MAY;2017225;STORE12
1.05.2013;31.05.2013;STORE;VACATION OUTDOOR MAY;2017215;STORE12
1.05.2013;31.05.2013;STORE;VACATION OUTDOOR MAY;2017147;STORE12
1.05.2013;31.05.2013;STORE;VACATION OUTDOOR MAY;2015289;STORE12
1.05.2013;31.05.2013;STORE;VACATION OUTDOOR MAY;2015280;STORE12
1.05.2013;31.05.2013;STORE;VACATION OUTDOOR MAY;2006025;STORE12
1.05.2013;31.05.2013;STORE;VACATION OUTDOOR MAY;2006024;STORE12
1.05.2013;31.05.2013;STORE;VACATION OUTDOOR MAY;1143882;STORE12
1.05.2013;31.05.2013;STORE;VACATION OUTDOOR MAY;1143625;STORE12
1.05.2013;31.05.2013;STORE;VACATION OUTDOOR MAY;1143229;STORE12
1.05.2013;31.05.2013;STORE;VACATION OUTDOOR MAY;1143065;STORE12
1.05.2013;31.05.2013;STORE;VACATION OUTDOOR MAY;1137700;STORE12
1.05.2013;31.05.2013;STORE;VACATION OUTDOOR MAY;1137699;STORE12
1.05.2013;31.05.2013;STORE;VACATION OUTDOOR MAY;1137698;STORE12
1.06.2013;30.06.2013;Special;Don’t Miss;2015883;
1.06.2013;30.06.2013;Special;Don’t Miss;2015795;
1.06.2013;30.06.2013;Special;Don’t Miss;2009141;
1.06.2013;30.06.2013;Special;Don’t Miss;1138100;
1.06.2013;30.06.2013;Special;Don’t Miss;1092791;
5.06.2013;30.06.2013;STORE;PROMO PRODUCT;2018671;STORE9
5.06.2013;30.06.2013;STORE;PROMO PRODUCT;2018671;STORE9
5.06.2013;30.06.2013;STORE;PROMO PRODUCT;2018661;STORE9
5.06.2013;30.06.2013;STORE;PROMO PRODUCT;2018661;STORE9
5.06.2013;30.06.2013;STORE;PROMO PRODUCT;2018660;STORE9
5.06.2013;30.06.2013;STORE;PROMO PRODUCT;2018660;STORE9
5.06.2013;30.06.2013;STORE;PROMO PRODUCT;2018540;STORE9
5.06.2013;30.06.2013;STORE;PROMO PRODUCT;2018540;STORE9
5.06.2013;30.06.2013;STORE;PROMO PRODUCT;2018423;STORE9
5.06.2013;30.06.2013;STORE;PROMO PRODUCT;2018423;STORE9
5.06.2013;30.06.2013;STORE;PROMO PRODUCT;1124010;STORE9
5.06.2013;30.06.2013;STORE;PROMO PRODUCT;1124010;STORE9
5.06.2013;30.06.2013;STORE;PROMO PRODUCT;1124009;STORE9
5.06.2013;30.06.2013;STORE;PROMO PRODUCT;1124009;STORE9
5.06.2013;30.06.2013;STORE;PROMO PRODUCT;1024163;STORE9
5.06.2013;30.06.2013;STORE;PROMO PRODUCT;1024163;STORE9
31.05.2013;4.07.2013;flyer;Flyer;2018709;
31.05.2013;4.07.2013;flyer;Flyer;2017166;
31.05.2013;4.07.2013;flyer;Flyer;2017147;
31.05.2013;4.07.2013;flyer;Flyer;2015289;
31.05.2013;4.07.2013;flyer;Flyer;2015280;
31.05.2013;4.07.2013;flyer;Flyer;2015276;
31.05.2013;4.07.2013;flyer;Flyer;2014273;
31.05.2013;4.07.2013;flyer;Flyer;2014272;
31.05.2013;4.07.2013;flyer;Flyer;2014271;
31.05.2013;4.07.2013;flyer;Flyer;2014267;
31.05.2013;4.07.2013;flyer;Flyer;2014243;
31.05.2013;4.07.2013;flyer;Flyer;2013624;
31.05.2013;4.07.2013;flyer;Flyer;2006025;
31.05.2013;4.07.2013;flyer;Flyer;2006024;
31.05.2013;4.07.2013;flyer;Flyer;1143947;
31.05.2013;4.07.2013;flyer;Flyer;1143321;
31.05.2013;4.07.2013;flyer;Flyer;1137855;
31.05.2013;4.07.2013;flyer;Flyer;1130069;
31.05.2013;4.07.2013;flyer;Flyer;1123932;
31.05.2013;4.07.2013;flyer;Flyer;1117146;
31.05.2013;4.07.2013;flyer;Flyer;1113493;
31.05.2013;4.07.2013;flyer;Flyer;1106885;
31.05.2013;4.07.2013;flyer;Flyer;1092791;
31.05.2013;4.07.2013;flyer;Flyer;1078415;
5.07.2013;1.08.2013;flyer;Flyer;2018709;
5.07.2013;1.08.2013;flyer;Flyer;2017473;
5.07.2013;1.08.2013;flyer;Flyer;2017166;
5.07.2013;1.08.2013;flyer;Flyer;2017147;
5.07.2013;1.08.2013;flyer;Flyer;2015280;
5.07.2013;1.08.2013;flyer;Flyer;2014273;
5.07.2013;1.08.2013;flyer;Flyer;2014272;
5.07.2013;1.08.2013;flyer;Flyer;2014271;
5.07.2013;1.08.2013;flyer;Flyer;2014267;
5.07.2013;1.08.2013;flyer;Flyer;2014243;
5.07.2013;1.08.2013;flyer;Flyer;2013624;
5.07.2013;1.08.2013;flyer;Flyer;2006025;
5.07.2013;1.08.2013;flyer;Flyer;2006024;
5.07.2013;1.08.2013;flyer;Flyer;1145490;
5.07.2013;1.08.2013;flyer;Flyer;1143947;
5.07.2013;1.08.2013;flyer;Flyer;1143251;
5.07.2013;1.08.2013;flyer;Flyer;1139904;
5.07.2013;1.08.2013;flyer;Flyer;1130504;
5.07.2013;1.08.2013;flyer;Flyer;1124010;
5.07.2013;1.08.2013;flyer;Flyer;1124009;
5.07.2013;1.08.2013;flyer;Flyer;1122764;
5.07.2013;1.08.2013;flyer;Flyer;1117427;
5.07.2013;1.08.2013;flyer;Flyer;1104272;
5.07.2013;1.08.2013;flyer;Flyer;1100552;
2.08.2013;5.09.2013;flyer;Flyer;2018709;
2.08.2013;5.09.2013;flyer;Flyer;2018016;
2.08.2013;5.09.2013;flyer;Flyer;2017166;
2.08.2013;5.09.2013;flyer;Flyer;2017147;
2.08.2013;5.09.2013;flyer;Flyer;2015280;
2.08.2013;5.09.2013;flyer;Flyer;2014273;
2.08.2013;5.09.2013;flyer;Flyer;2014272;
2.08.2013;5.09.2013;flyer;Flyer;2014271;
2.08.2013;5.09.2013;flyer;Flyer;2014267;
2.08.2013;5.09.2013;flyer;Flyer;2014243;
2.08.2013;5.09.2013;flyer;Flyer;2013624;
2.08.2013;5.09.2013;flyer;Flyer;2006025;
2.08.2013;5.09.2013;flyer;Flyer;2006024;
2.08.2013;5.09.2013;flyer;Flyer;1143251;
2.08.2013;5.09.2013;flyer;Flyer;1124010;
2.08.2013;5.09.2013;flyer;Flyer;1124009;
2.08.2013;5.09.2013;flyer;Flyer;1117427;
2.08.2013;5.09.2013;flyer;Flyer;1089662;
2.08.2013;5.09.2013;flyer;Flyer;1078415;
6.09.2013;3.10.2013;flyer;Flyer;2018633;
6.09.2013;3.10.2013;flyer;Flyer;2018588;
6.09.2013;3.10.2013;flyer;Flyer;2018555;
6.09.2013;3.10.2013;flyer;Flyer;2018269;
6.09.2013;3.10.2013;flyer;Flyer;2017937;
6.09.2013;3.10.2013;flyer;Flyer;2017740;
6.09.2013;3.10.2013;flyer;Flyer;2015795;
6.09.2013;3.10.2013;flyer;Flyer;2014440;
6.09.2013;3.10.2013;flyer;Flyer;2014273;
6.09.2013;3.10.2013;flyer;Flyer;2014272;
6.09.2013;3.10.2013;flyer;Flyer;2014271;
6.09.2013;3.10.2013;flyer;Flyer;2014267;
6.09.2013;3.10.2013;flyer;Flyer;1144468;
6.09.2013;3.10.2013;flyer;Flyer;1143947;
6.09.2013;3.10.2013;flyer;Flyer;1143251;
6.09.2013;3.10.2013;flyer;Flyer;1123932;
6.09.2013;3.10.2013;flyer;Flyer;1122154;
6.09.2013;3.10.2013;flyer;Flyer;1117427;
6.09.2013;3.10.2013;flyer;Flyer;1117146;
6.09.2013;3.10.2013;flyer;Flyer;1111699;
6.09.2013;3.10.2013;flyer;Flyer;1096523;
6.09.2013;3.10.2013;flyer;Flyer;1095699;
6.09.2013;3.10.2013;flyer;Flyer;1095693;
6.09.2013;3.10.2013;flyer;Flyer;1086476;
6.09.2013;3.10.2013;flyer;Flyer;1084123;
6.09.2013;3.10.2013;flyer;Flyer;1071580;
1.09.2013;31.10.2013;Money;ERP;1146428;
1.09.2013;31.10.2013;Money;ERP;1146427;
1.09.2013;31.10.2013;Money;ERP;1146273;
1.09.2013;31.10.2013;Money;ERP;1146251;
1.09.2013;31.10.2013;Money;ERP;1126220;
1.09.2013;31.10.2013;Money;ERP;1126215;
1.09.2013;31.10.2013;Money;ERP;1122154;
1.09.2013;31.10.2013;Money;ERP;1119818;
1.09.2013;31.10.2013;Money;ERP;1106885;
1.10.2013;31.10.2013;Special;Arrival;2017742;
1.10.2013;31.10.2013;Special;Arrival;2017024;
1.10.2013;31.10.2013;Special;Media;2015795;
1.10.2013;31.10.2013;Special;Arrival;1147491;
1.10.2013;31.10.2013;Special;Arrival;1147490;
1.10.2013;31.10.2013;Special;Arrival;1024163;
4.10.2013;31.10.2013;flyer;Flyer;2018709;
4.10.2013;31.10.2013;flyer;Flyer;2018269;
4.10.2013;31.10.2013;flyer;Flyer;2017742;
4.10.2013;31.10.2013;flyer;Flyer;2015463;
4.10.2013;31.10.2013;flyer;Flyer;2014498;
4.10.2013;31.10.2013;flyer;Flyer;1147491;
4.10.2013;31.10.2013;flyer;Flyer;1147490;
4.10.2013;31.10.2013;flyer;Flyer;1143947;
4.10.2013;31.10.2013;flyer;Flyer;1143263;
4.10.2013;31.10.2013;flyer;Flyer;1143251;
4.10.2013;31.10.2013;flyer;Flyer;1136951;
4.10.2013;31.10.2013;flyer;Flyer;1126220;
4.10.2013;31.10.2013;flyer;Flyer;1126215;
4.10.2013;31.10.2013;flyer;Flyer;1123932;
4.10.2013;31.10.2013;flyer;Flyer;1119818;
4.10.2013;31.10.2013;flyer;Flyer;1117427;
4.10.2013;31.10.2013;flyer;Flyer;1117146;
4.10.2013;31.10.2013;flyer;Flyer;1111699;
4.10.2013;31.10.2013;flyer;Flyer;1089662;
4.10.2013;31.10.2013;flyer;Flyer;1089635;
4.10.2013;31.10.2013;flyer;Flyer;1078415;
8.11.2013;22.11.2013;Special;Media;2015795;
1.11.2013;28.11.2013;flyer;Flyer;2017473;
1.11.2013;28.11.2013;flyer;Flyer;2016310;
1.11.2013;28.11.2013;flyer;Flyer;2014630;
1.11.2013;28.11.2013;flyer;Flyer;2014273;
1.11.2013;28.11.2013;flyer;Flyer;2014272;
1.11.2013;28.11.2013;flyer;Flyer;2014271;
1.11.2013;28.11.2013;flyer;Flyer;2014267;
1.11.2013;28.11.2013;flyer;Flyer;1148431;
1.11.2013;28.11.2013;flyer;Flyer;1147834;
1.11.2013;28.11.2013;flyer;Flyer;1146428;
1.11.2013;28.11.2013;flyer;Flyer;1146427;
1.11.2013;28.11.2013;flyer;Flyer;1145331;
1.11.2013;28.11.2013;flyer;Flyer;1143947;
1.11.2013;28.11.2013;flyer;Flyer;1126220;
1.11.2013;28.11.2013;flyer;Flyer;1126215;
1.11.2013;28.11.2013;flyer;Flyer;1123932;
1.11.2013;28.11.2013;flyer;Flyer;1117146;
1.11.2013;28.11.2013;flyer;Flyer;1092753;
1.11.2013;28.11.2013;flyer;Flyer;1089662;
1.11.2013;28.11.2013;flyer;Flyer;1084123;
1.11.2013;28.11.2013;flyer;Flyer;1024163;
11.12.2013;25.12.2013;Special;Media;2019062;
1.12.2013;31.12.2013;Special;Don’t Miss;2018270;
1.12.2013;31.12.2013;Special;Don’t Miss;2018269;
1.12.2013;31.12.2013;Special;Don’t Miss;2017740;
1.12.2013;31.12.2013;Special;Don’t Miss;2011815;
1.12.2013;31.12.2013;Special;Don’t Miss;1122877;
29.11.2013;2.01.2014;flyer;Flyer;2019330;
29.11.2013;2.01.2014;flyer;Flyer;2019048;
29.11.2013;2.01.2014;flyer;Flyer;2018456;
29.11.2013;2.01.2014;flyer;Flyer;2014498;
29.11.2013;2.01.2014;flyer;Flyer;1147491;
29.11.2013;2.01.2014;flyer;Flyer;1147490;
29.11.2013;2.01.2014;flyer;Flyer;1145669;
29.11.2013;2.01.2014;flyer;Flyer;1145668;
29.11.2013;2.01.2014;flyer;Flyer;1145667;
29.11.2013;2.01.2014;flyer;Flyer;1145666;
29.11.2013;2.01.2014;flyer;Flyer;1144488;
29.11.2013;2.01.2014;flyer;Flyer;1143625;
29.11.2013;2.01.2014;flyer;Flyer;1143623;
29.11.2013;2.01.2014;flyer;Flyer;1143622;
29.11.2013;2.01.2014;flyer;Flyer;1143619;
29.11.2013;2.01.2014;flyer;Flyer;1143605;
29.11.2013;2.01.2014;flyer;Flyer;1143604;
29.11.2013;2.01.2014;flyer;Flyer;1143603;
29.11.2013;2.01.2014;flyer;Flyer;1137472;
29.11.2013;2.01.2014;flyer;Flyer;1136951;
29.11.2013;2.01.2014;flyer;Flyer;1126220;
29.11.2013;2.01.2014;flyer;Flyer;1126215;
29.11.2013;2.01.2014;flyer;Flyer;1124010;
29.11.2013;2.01.2014;flyer;Flyer;1124009;
29.11.2013;2.01.2014;flyer;Flyer;1122168;
29.11.2013;2.01.2014;flyer;Flyer;1122154;
29.11.2013;2.01.2014;flyer;Flyer;1106885;
29.11.2013;2.01.2014;flyer;Flyer;1092973;
3.01.2014;30.01.2014;flyer;Flyer;2019330;
3.01.2014;30.01.2014;flyer;Flyer;2018633;
3.01.2014;30.01.2014;flyer;Flyer;2018456;
3.01.2014;30.01.2014;flyer;Flyer;2018270;
3.01.2014;30.01.2014;flyer;Flyer;2018269;
3.01.2014;30.01.2014;flyer;Flyer;2017473;
3.01.2014;30.01.2014;flyer;Flyer;2016374;
3.01.2014;30.01.2014;flyer;Flyer;2016310;
3.01.2014;30.01.2014;flyer;Flyer;2014630;
3.01.2014;30.01.2014;flyer;Flyer;2014498;
3.01.2014;30.01.2014;flyer;Flyer;1149953;
3.01.2014;30.01.2014;flyer;Flyer;1148793;
3.01.2014;30.01.2014;flyer;Flyer;1145906;
3.01.2014;30.01.2014;flyer;Flyer;1145304;
3.01.2014;30.01.2014;flyer;Flyer;1139123;
3.01.2014;30.01.2014;flyer;Flyer;1137378;
3.01.2014;30.01.2014;flyer;Flyer;1137377;
3.01.2014;30.01.2014;flyer;Flyer;1137376;
3.01.2014;30.01.2014;flyer;Flyer;1137375;
3.01.2014;30.01.2014;flyer;Flyer;1137374;
3.01.2014;30.01.2014;flyer;Flyer;1137373;
3.01.2014;30.01.2014;flyer;Flyer;1137362;
3.01.2014;30.01.2014;flyer;Flyer;1126220;
3.01.2014;30.01.2014;flyer;Flyer;1126215;
3.01.2014;30.01.2014;flyer;Flyer;1119943;
3.01.2014;30.01.2014;flyer;Flyer;1089662;
31.01.2014;27.02.2014;flyer;Flyer;2019632;
31.01.2014;27.02.2014;flyer;Flyer;2019131;
31.01.2014;27.02.2014;flyer;Flyer;2018270;
31.01.2014;27.02.2014;flyer;Flyer;2018269;
31.01.2014;27.02.2014;flyer;Flyer;2015463;
31.01.2014;27.02.2014;flyer;Flyer;2014498;
31.01.2014;27.02.2014;flyer;Flyer;2014273;
31.01.2014;27.02.2014;flyer;Flyer;2014272;
31.01.2014;27.02.2014;flyer;Flyer;2014271;
31.01.2014;27.02.2014;flyer;Flyer;2014267;
31.01.2014;27.02.2014;flyer;Flyer;1146428;
31.01.2014;27.02.2014;flyer;Flyer;1145331;
31.01.2014;27.02.2014;flyer;Flyer;1143947;
31.01.2014;27.02.2014;flyer;Flyer;1143625;
31.01.2014;27.02.2014;flyer;Flyer;1143623;
31.01.2014;27.02.2014;flyer;Flyer;1143612;
31.01.2014;27.02.2014;flyer;Flyer;1143611;
31.01.2014;27.02.2014;flyer;Flyer;1143610;
31.01.2014;27.02.2014;flyer;Flyer;1143609;
31.01.2014;27.02.2014;flyer;Flyer;1143608;
31.01.2014;27.02.2014;flyer;Flyer;1143605;
31.01.2014;27.02.2014;flyer;Flyer;1143604;
31.01.2014;27.02.2014;flyer;Flyer;1143603;
31.01.2014;27.02.2014;flyer;Flyer;1139904;
31.01.2014;27.02.2014;flyer;Flyer;1139123;
31.01.2014;27.02.2014;flyer;Flyer;1126220;
31.01.2014;27.02.2014;flyer;Flyer;1126215;
31.01.2014;27.02.2014;flyer;Flyer;1113493;
31.01.2014;27.02.2014;flyer;Flyer;1111699;
31.01.2014;27.02.2014;flyer;Flyer;1101227;
31.01.2014;27.02.2014;flyer;Flyer;1100544;
31.01.2014;27.02.2014;flyer;Flyer;1096523;
31.01.2014;27.02.2014;flyer;Flyer;1092973;
31.01.2014;27.02.2014;flyer;Flyer;1092753;
31.01.2014;27.02.2014;flyer;Flyer;1086476;
31.01.2014;27.02.2014;flyer;Flyer;1078415;
31.01.2014;27.02.2014;flyer;Flyer;1024163;
1.02.2014;28.02.2014;Special;Don’t Miss;2019632;
1.02.2014;28.02.2014;Special;Don’t Miss;2018642;
1.02.2014;28.02.2014;Special;Don’t Miss;2018618;
1.02.2014;28.02.2014;Special;Don’t Miss;2018617;
1.02.2014;28.02.2014;Special;Don’t Miss;2018616;
1.02.2014;28.02.2014;Special;Don’t Miss;2017742;
1.02.2014;28.02.2014;Special;Don’t Miss;2014498;
1.02.2014;28.02.2014;Special;Don’t Miss;1150270;
1.02.2014;28.02.2014;Special;Don’t Miss;1147834;
1.02.2014;28.02.2014;Special;Don’t Miss;1147491;
1.02.2014;28.02.2014;Special;Don’t Miss;1147490;
1.02.2014;28.02.2014;Special;Don’t Miss;1139494;
1.02.2014;28.02.2014;Special;Don’t Miss;1138115;
1.02.2014;28.02.2014;Special;Don’t Miss;1107711;
28.02.2014;3.04.2014;flyer;Flyer;2019812;
28.02.2014;3.04.2014;flyer;Flyer;2019417;
28.02.2014;3.04.2014;flyer;Flyer;2019411;
28.02.2014;3.04.2014;flyer;Flyer;2019330;
28.02.2014;3.04.2014;flyer;Flyer;2018709;
28.02.2014;3.04.2014;flyer;Flyer;2018270;
28.02.2014;3.04.2014;flyer;Flyer;2018269;
28.02.2014;3.04.2014;flyer;Flyer;2017473;
28.02.2014;3.04.2014;flyer;Flyer;2016960;
28.02.2014;3.04.2014;flyer;Flyer;2016374;
28.02.2014;3.04.2014;flyer;Flyer;2015390;
28.02.2014;3.04.2014;flyer;Flyer;1151027;
28.02.2014;3.04.2014;flyer;Flyer;1150217;
28.02.2014;3.04.2014;flyer;Flyer;1143263;
28.02.2014;3.04.2014;flyer;Flyer;1143251;
28.02.2014;3.04.2014;flyer;Flyer;1142959;
28.02.2014;3.04.2014;flyer;Flyer;1139904;
28.02.2014;3.04.2014;flyer;Flyer;1126220;
28.02.2014;3.04.2014;flyer;Flyer;1126215;
28.02.2014;3.04.2014;flyer;Flyer;1124122;
28.02.2014;3.04.2014;flyer;Flyer;1119943;
28.02.2014;3.04.2014;flyer;Flyer;1117427;
28.02.2014;3.04.2014;flyer;Flyer;1084124;
28.02.2014;3.04.2014;flyer;Flyer;1084123;
28.02.2014;3.04.2014;flyer;Flyer;1067726;
28.02.2014;3.04.2014;flyer;Flyer;1016030;
28.03.2014;25.04.2014;Special;Media;1151027;
1.04.2014;30.04.2014;Special;Arrival;2019717;
1.04.2014;30.04.2014;Special;Arrival;2019695;
1.04.2014;30.04.2014;Special;Arrival;2019642;
1.04.2014;30.04.2014;Special;Arrival;2019515;
1.04.2014;30.04.2014;Special;Arrival;2018270;
1.04.2014;30.04.2014;Special;Arrival;2018269;
1.04.2014;30.04.2014;Special;Arrival;2017897;
1.04.2014;30.04.2014;Special;Arrival;2017728;
1.04.2014;30.04.2014;Special;Arrival;1151346;
1.04.2014;30.04.2014;Special;Arrival;1151342;
1.04.2014;30.04.2014;Special;Arrival;1139904;
4.04.2014;1.05.2014;flyer;Flyer;2019131;
4.04.2014;1.05.2014;flyer;Flyer;2018709;
4.04.2014;1.05.2014;flyer;Flyer;2015795;
4.04.2014;1.05.2014;flyer;Flyer;2014440;
4.04.2014;1.05.2014;flyer;Flyer;2014273;
4.04.2014;1.05.2014;flyer;Flyer;2014272;
4.04.2014;1.05.2014;flyer;Flyer;2014271;
4.04.2014;1.05.2014;flyer;Flyer;2014267;
4.04.2014;1.05.2014;flyer;Flyer;2013624;
4.04.2014;1.05.2014;flyer;Flyer;2012843;
4.04.2014;1.05.2014;flyer;Flyer;1152121;
4.04.2014;1.05.2014;flyer;Flyer;1151835;
4.04.2014;1.05.2014;flyer;Flyer;1151834;
4.04.2014;1.05.2014;flyer;Flyer;1151833;
4.04.2014;1.05.2014;flyer;Flyer;1151027;
4.04.2014;1.05.2014;flyer;Flyer;1150093;
4.04.2014;1.05.2014;flyer;Flyer;1146771;
4.04.2014;1.05.2014;flyer;Flyer;1146427;
4.04.2014;1.05.2014;flyer;Flyer;1145666;
4.04.2014;1.05.2014;flyer;Flyer;1143947;
4.04.2014;1.05.2014;flyer;Flyer;1143605;
4.04.2014;1.05.2014;flyer;Flyer;1143604;
4.04.2014;1.05.2014;flyer;Flyer;1143251;
4.04.2014;1.05.2014;flyer;Flyer;1137472;
4.04.2014;1.05.2014;flyer;Flyer;1136951;
4.04.2014;1.05.2014;flyer;Flyer;1117427;
4.04.2014;1.05.2014;flyer;Flyer;1067726;
1.05.2014;31.05.2014;Special;Arrival;2019695;
1.05.2014;31.05.2014;Special;Arrival;1117427;
2.05.2014;5.06.2014;flyer;Flyer;2018016;
2.05.2014;5.06.2014;flyer;Flyer;2017937;
2.05.2014;5.06.2014;flyer;Flyer;2016391;
2.05.2014;5.06.2014;flyer;Flyer;2015795;
2.05.2014;5.06.2014;flyer;Flyer;2015463;
2.05.2014;5.06.2014;flyer;Flyer;2014630;
2.05.2014;5.06.2014;flyer;Flyer;2012843;
2.05.2014;5.06.2014;flyer;Flyer;2006025;
2.05.2014;5.06.2014;flyer;Flyer;2006024;
2.05.2014;5.06.2014;flyer;Flyer;1151042;
2.05.2014;5.06.2014;flyer;Flyer;1147491;
2.05.2014;5.06.2014;flyer;Flyer;1147490;
2.05.2014;5.06.2014;flyer;Flyer;1143251;
2.05.2014;5.06.2014;flyer;Flyer;1143170;
2.05.2014;5.06.2014;flyer;Flyer;1111699;
2.05.2014;5.06.2014;flyer;Flyer;1095699;
2.05.2014;5.06.2014;flyer;Flyer;1095693;
2.05.2014;5.06.2014;flyer;Flyer;1086476;
2.05.2014;5.06.2014;flyer;Flyer;1078415;
2.05.2014;5.06.2014;flyer;Flyer;1071580;
1.06.2014;30.06.2014;Special;Don’t Miss;2019417;
1.06.2014;30.06.2014;Special;Don’t Miss;2019411;
1.06.2014;30.06.2014;Special;Don’t Miss;2019361;
1.06.2014;30.06.2014;Special;Don’t Miss;2019345;
1.06.2014;30.06.2014;Special;Don’t Miss;2015795;
1.06.2014;30.06.2014;Special;Don’t Miss;2014440;
1.06.2014;30.06.2014;Special;Don’t Miss;2013438;
1.06.2014;30.06.2014;Special;Don’t Miss;1125147;
6.06.2014;3.07.2014;flyer;Flyer;2019546;
6.06.2014;3.07.2014;flyer;Flyer;2019545;
6.06.2014;3.07.2014;flyer;Flyer;2019062;
6.06.2014;3.07.2014;flyer;Flyer;2018709;
6.06.2014;3.07.2014;flyer;Flyer;2017166;
6.06.2014;3.07.2014;flyer;Flyer;2017147;
6.06.2014;3.07.2014;flyer;Flyer;2013624;
6.06.2014;3.07.2014;flyer;Flyer;1152102;
6.06.2014;3.07.2014;flyer;Flyer;1145331;
6.06.2014;3.07.2014;flyer;Flyer;1143251;
6.06.2014;3.07.2014;flyer;Flyer;1134110;
6.06.2014;3.07.2014;flyer;Flyer;1115262;
4.07.2014;1.08.2014;flyer;Flyer;2019697;
4.07.2014;1.08.2014;flyer;Flyer;2019690;
4.07.2014;1.08.2014;flyer;Flyer;2019457;
4.07.2014;1.08.2014;flyer;Flyer;2019456;
4.07.2014;1.08.2014;flyer;Flyer;2018709;
4.07.2014;1.08.2014;flyer;Flyer;2018555;
4.07.2014;1.08.2014;flyer;Flyer;2017166;
4.07.2014;1.08.2014;flyer;Flyer;2017147;
4.07.2014;1.08.2014;flyer;Flyer;2015463;
4.07.2014;1.08.2014;flyer;Flyer;2006025;
4.07.2014;1.08.2014;flyer;Flyer;2006024;
4.07.2014;1.08.2014;flyer;Flyer;1152435;
4.07.2014;1.08.2014;flyer;Flyer;1152413;
4.07.2014;1.08.2014;flyer;Flyer;1151281;
4.07.2014;1.08.2014;flyer;Flyer;1146771;
4.07.2014;1.08.2014;flyer;Flyer;1146469;
4.07.2014;1.08.2014;flyer;Flyer;1146468;
4.07.2014;1.08.2014;flyer;Flyer;1146467;
4.07.2014;1.08.2014;flyer;Flyer;1146466;
4.07.2014;1.08.2014;flyer;Flyer;1146464;
4.07.2014;1.08.2014;flyer;Flyer;1146462;
4.07.2014;1.08.2014;flyer;Flyer;1146437;
4.07.2014;1.08.2014;flyer;Flyer;1143321;
4.07.2014;1.08.2014;flyer;Flyer;1141757;
4.07.2014;1.08.2014;flyer;Flyer;1117146;
4.07.2014;1.08.2014;flyer;Flyer;1113805;
4.07.2014;1.08.2014;flyer;Flyer;1111699;
4.07.2014;1.08.2014;flyer;Flyer;1086476;
4.07.2014;1.08.2014;flyer;Flyer;1064266;
4.07.2014;1.08.2014;Special;Don’t Miss;2019697;
4.07.2014;1.08.2014;Special;Don’t Miss;2017166;
4.07.2014;1.08.2014;Special;Don’t Miss;2015276;
4.07.2014;1.08.2014;Special;Don’t Miss;2013624;
4.07.2014;1.08.2014;Special;Don’t Miss;1096536;
4.07.2014;1.08.2014;Special;Don’t Miss;1096535;
4.07.2014;1.08.2014;Special;Don’t Miss;1096065;
4.07.2014;1.08.2014;Special;Don’t Miss;1096064;
4.07.2014;1.08.2014;Special;Don’t Miss;1096062;
1.08.2014;3.09.2014;Special;Media2;2019690;
1.08.2014;3.09.2014;Special;ndir;2019592;
1.08.2014;3.09.2014;Special;ndir;2018528;
1.08.2014;3.09.2014;Special;ndir;2018327;
1.08.2014;3.09.2014;Special;ndir;2017740;
1.08.2014;3.09.2014;Special;Media2;2017569;
1.08.2014;3.09.2014;Special;ndir;2017356;
1.08.2014;3.09.2014;Special;ndir;2017355;
1.08.2014;3.09.2014;Special;ndir;2017354;
1.08.2014;3.09.2014;Special;Media2;2017147;
1.08.2014;3.09.2014;Special;ndir;2016568;
1.08.2014;3.09.2014;Special;ndir;2015463;
1.08.2014;3.09.2014;Special;ndir;2015399;
1.08.2014;3.09.2014;Special;ndir;2013934;
1.08.2014;3.09.2014;Special;ndir;2012843;
1.08.2014;3.09.2014;Special;Media2;2009134;
1.08.2014;3.09.2014;Special;ndir;1151281;
1.08.2014;3.09.2014;Special;ndir;1150217;
1.08.2014;3.09.2014;Special;ndir;1144275;
1.08.2014;3.09.2014;Special;ndir;1143321;
1.08.2014;3.09.2014;Special;ndir;1142964;
1.08.2014;3.09.2014;Special;ndir;1142959;
1.08.2014;3.09.2014;Special;ndir;1142854;
1.08.2014;3.09.2014;Special;ndir;1137759;
1.08.2014;3.09.2014;Special;ndir;1125355;
1.08.2014;3.09.2014;Special;ndir;1121744;
1.08.2014;3.09.2014;Special;ndir;1121593;
1.08.2014;3.09.2014;Special;ndir;1113302;
1.08.2014;3.09.2014;Special;ndir;1110235;
1.08.2014;3.09.2014;Special;ndir;1106127;
1.08.2014;3.09.2014;Special;ndir;1101159;
1.08.2014;3.09.2014;Special;ndir;1100855;
1.08.2014;3.09.2014;Special;ndir;1100769;
1.08.2014;3.09.2014;Special;ndir;1098866;
1.08.2014;3.09.2014;Special;ndir;1097896;
1.08.2014;3.09.2014;Special;ndir;1096535;
1.08.2014;3.09.2014;Special;ndir;1096064;
1.08.2014;3.09.2014;Special;ndir;1093418;
1.08.2014;3.09.2014;Special;ndir;1089635;
1.08.2014;3.09.2014;Special;ndir;1086476;
1.08.2014;3.09.2014;Special;ndir;1064266;
1.08.2014;3.09.2014;Special;ndir;1060508;
1.08.2014;4.09.2014;flyer;Flyer;2019690;
1.08.2014;4.09.2014;flyer;Flyer;2019642;
1.08.2014;4.09.2014;flyer;Flyer;2019592;
1.08.2014;4.09.2014;flyer;Flyer;2019568;
1.08.2014;4.09.2014;flyer;Flyer;2019546;
1.08.2014;4.09.2014;flyer;Flyer;2019545;
1.08.2014;4.09.2014;flyer;Flyer;2019515;
1.08.2014;4.09.2014;flyer;Flyer;2019417;
1.08.2014;4.09.2014;flyer;Flyer;2019411;
1.08.2014;4.09.2014;flyer;Flyer;2018709;
1.08.2014;4.09.2014;flyer;Flyer;2018528;
1.08.2014;4.09.2014;flyer;Flyer;2018327;
1.08.2014;4.09.2014;flyer;Flyer;2017166;
1.08.2014;4.09.2014;flyer;Flyer;2017147;
1.08.2014;4.09.2014;flyer;Flyer;2015946;
1.08.2014;4.09.2014;flyer;Flyer;2015415;
1.08.2014;4.09.2014;flyer;Flyer;2013934;
1.08.2014;4.09.2014;flyer;Flyer;2013624;
1.08.2014;4.09.2014;flyer;Flyer;2009134;
1.08.2014;4.09.2014;flyer;Flyer;2006025;
1.08.2014;4.09.2014;flyer;Flyer;2006024;
1.08.2014;4.09.2014;flyer;Flyer;1151281;
1.08.2014;4.09.2014;flyer;Flyer;1150656;
1.08.2014;4.09.2014;flyer;Flyer;1144500;
1.08.2014;4.09.2014;flyer;Flyer;1143321;
1.08.2014;4.09.2014;flyer;Flyer;1143251;
1.08.2014;4.09.2014;flyer;Flyer;1125411;
1.08.2014;4.09.2014;flyer;Flyer;1117427;
1.08.2014;4.09.2014;flyer;Flyer;1101159;
1.08.2014;4.09.2014;flyer;Flyer;1098614;
5.09.2014;3.10.2014;flyer;Flyer;2020572;
5.09.2014;3.10.2014;flyer;Flyer;2020567;
5.09.2014;3.10.2014;flyer;Flyer;2020539;
5.09.2014;3.10.2014;flyer;Flyer;2019457;
5.09.2014;3.10.2014;flyer;Flyer;2019456;
5.09.2014;3.10.2014;flyer;Flyer;2018588;
5.09.2014;3.10.2014;flyer;Flyer;2017473;
5.09.2014;3.10.2014;flyer;Flyer;2016391;
5.09.2014;3.10.2014;flyer;Flyer;2014273;
5.09.2014;3.10.2014;flyer;Flyer;2014272;
5.09.2014;3.10.2014;flyer;Flyer;2014271;
5.09.2014;3.10.2014;flyer;Flyer;2014267;
5.09.2014;3.10.2014;flyer;Flyer;1157410;
5.09.2014;3.10.2014;flyer;Flyer;1157013;
5.09.2014;3.10.2014;flyer;Flyer;1156948;
5.09.2014;3.10.2014;flyer;Flyer;1155052;
5.09.2014;3.10.2014;flyer;Flyer;1152121;
5.09.2014;3.10.2014;flyer;Flyer;1151194;
5.09.2014;3.10.2014;flyer;Flyer;1143251;
5.09.2014;3.10.2014;flyer;Flyer;1117427;
5.09.2014;3.10.2014;flyer;Flyer;1111699;
5.09.2014;3.10.2014;flyer;Flyer;1096062;
5.09.2014;3.10.2014;flyer;Flyer;1095699;
5.09.2014;3.10.2014;flyer;Flyer;1095693;
5.09.2014;3.10.2014;flyer;Flyer;1086953;
5.09.2014;3.10.2014;flyer;Flyer;1078415;
5.09.2014;3.10.2014;flyer;Flyer;1071580;
5.09.2014;3.10.2014;flyer;Flyer;1036974;
5.09.2014;3.10.2014;flyer;Flyer;1036968;
5.10.2014;3.11.2014;flyer;Flyer;2021763;
5.10.2014;3.11.2014;flyer;Flyer;2020551;
5.10.2014;3.11.2014;flyer;Flyer;2019877;
5.10.2014;3.11.2014;flyer;Flyer;2019330;
5.10.2014;3.11.2014;flyer;Flyer;2018709;
5.10.2014;3.11.2014;flyer;Flyer;2018456;
5.10.2014;3.11.2014;flyer;Flyer;2017937;
5.10.2014;3.11.2014;flyer;Flyer;2017897;
5.10.2014;3.11.2014;flyer;Flyer;2017742;
5.10.2014;3.11.2014;flyer;Flyer;2015795;
5.10.2014;3.11.2014;flyer;Flyer;2015474;
5.10.2014;3.11.2014;flyer;Flyer;2015189;
5.10.2014;3.11.2014;flyer;Flyer;2014630;
5.10.2014;3.11.2014;flyer;Flyer;2014498;
5.10.2014;3.11.2014;flyer;Flyer;1157643;
5.10.2014;3.11.2014;flyer;Flyer;1157410;
5.10.2014;3.11.2014;flyer;Flyer;1157205;
5.10.2014;3.11.2014;flyer;Flyer;1157143;
5.10.2014;3.11.2014;flyer;Flyer;1156633;
5.10.2014;3.11.2014;flyer;Flyer;1156587;
5.10.2014;3.11.2014;flyer;Flyer;1156585;
5.10.2014;3.11.2014;flyer;Flyer;1156584;
5.10.2014;3.11.2014;flyer;Flyer;1156583;
5.10.2014;3.11.2014;flyer;Flyer;1156552;
5.10.2014;3.11.2014;flyer;Flyer;1156551;
5.10.2014;3.11.2014;flyer;Flyer;1156550;
5.10.2014;3.11.2014;flyer;Flyer;1156548;
5.10.2014;3.11.2014;flyer;Flyer;1156541;
5.10.2014;3.11.2014;flyer;Flyer;1156482;
5.10.2014;3.11.2014;flyer;Flyer;1156481;
5.10.2014;3.11.2014;flyer;Flyer;1156480;
5.10.2014;3.11.2014;flyer;Flyer;1156378;
5.10.2014;3.11.2014;flyer;Flyer;1156031;
5.10.2014;3.11.2014;flyer;Flyer;1155077;
5.10.2014;3.11.2014;flyer;Flyer;1154316;
5.10.2014;3.11.2014;flyer;Flyer;1152435;
5.10.2014;3.11.2014;flyer;Flyer;1151862;
5.10.2014;3.11.2014;flyer;Flyer;1151837;
5.10.2014;3.11.2014;flyer;Flyer;1151836;
5.10.2014;3.11.2014;flyer;Flyer;1151346;
5.10.2014;3.11.2014;flyer;Flyer;1151342;
5.10.2014;3.11.2014;flyer;Flyer;1149568;
5.10.2014;3.11.2014;flyer;Flyer;1146428;
5.10.2014;3.11.2014;flyer;Flyer;1146427;
5.10.2014;3.11.2014;flyer;Flyer;1145723;
5.10.2014;3.11.2014;flyer;Flyer;1145672;
5.10.2014;3.11.2014;flyer;Flyer;1145670;
5.10.2014;3.11.2014;flyer;Flyer;1145669;
5.10.2014;3.11.2014;flyer;Flyer;1145668;
5.10.2014;3.11.2014;flyer;Flyer;1145667;
5.10.2014;3.11.2014;flyer;Flyer;1143611;
5.10.2014;3.11.2014;flyer;Flyer;1143610;
5.10.2014;3.11.2014;flyer;Flyer;1113493;
5.10.2014;3.11.2014;flyer;Flyer;1111699;
5.10.2014;3.11.2014;flyer;Flyer;1111685;
5.10.2014;3.11.2014;flyer;Flyer;1111684;
5.10.2014;3.11.2014;flyer;Flyer;1111683;
5.10.2014;3.11.2014;flyer;Flyer;1111682;
5.10.2014;3.11.2014;flyer;Flyer;1111681;
5.10.2014;3.11.2014;flyer;Flyer;1111680;
5.10.2014;3.11.2014;flyer;Flyer;1111679;
5.10.2014;3.11.2014;flyer;Flyer;1111678;
5.10.2014;3.11.2014;flyer;Flyer;1106885;
5.10.2014;3.11.2014;flyer;Flyer;1100769;
5.10.2014;3.11.2014;flyer;Flyer;1089635;
5.10.2014;3.11.2014;flyer;Flyer;1084124;
5.10.2014;3.11.2014;flyer;Flyer;1084123;
5.10.2014;3.11.2014;flyer;Flyer;1081945;
5.10.2014;3.11.2014;flyer;Flyer;1024163;
9.10.2014;5.11.2014;Special;ndir;2020539;
9.10.2014;5.11.2014;Special;ndir;2020518;
9.10.2014;5.11.2014;Special;ndir;2020505;
9.10.2014;5.11.2014;Special;ndir;2018588;
9.10.2014;5.11.2014;Special;ndir;2017897;
9.10.2014;5.11.2014;Special;Media2;2015795;
9.10.2014;5.11.2014;Special;ndir;2014498;
9.10.2014;5.11.2014;Special;ndir;2014440;
9.10.2014;5.11.2014;Special;ndir;2014273;
9.10.2014;5.11.2014;Special;ndir;2014272;
9.10.2014;5.11.2014;Special;ndir;2014271;
9.10.2014;5.11.2014;Special;ndir;2004122;
9.10.2014;5.11.2014;Special;ndir;1159340;
9.10.2014;5.11.2014;Special;ndir;1159042;
9.10.2014;5.11.2014;Special;ndir;1157410;
9.10.2014;5.11.2014;Special;ndir;1157205;
9.10.2014;5.11.2014;Special;Media2;1157143;
9.10.2014;5.11.2014;Special;ndir;1157013;
9.10.2014;5.11.2014;Special;Media2;1156550;
9.10.2014;5.11.2014;Special;Media2;1156212;
9.10.2014;5.11.2014;Special;ndir;1154230;
9.10.2014;5.11.2014;Special;ndir;1151999;
9.10.2014;5.11.2014;Special;Media2;1144189;
9.10.2014;5.11.2014;Special;Media2;1139904;
9.10.2014;5.11.2014;Special;ndir;1137166;
9.10.2014;5.11.2014;Special;ndir;1124122;
9.10.2014;5.11.2014;Special;ndir;1122877;
9.10.2014;5.11.2014;Special;ndir;1122168;
9.10.2014;5.11.2014;Special;ndir;1117427;
6.11.2014;3.12.2014;Special;ndir;2021746;
6.11.2014;3.12.2014;Special;ndir;2020551;
6.11.2014;3.12.2014;Special;ndir;2019546;
6.11.2014;3.12.2014;Special;ndir;2019545;
6.11.2014;3.12.2014;Special;ndir;2019457;
6.11.2014;3.12.2014;Special;ndir;2019456;
6.11.2014;3.12.2014;Special;ndir;2017897;
6.11.2014;3.12.2014;Special;ndir;2017533;
6.11.2014;3.12.2014;Special;ndir;2017519;
6.11.2014;3.12.2014;Special;ndir;2015946;
6.11.2014;3.12.2014;Special;ndir;2015795;
6.11.2014;3.12.2014;Special;ndir;2014630;
6.11.2014;3.12.2014;Special;ndir;2014498;
6.11.2014;3.12.2014;Special;ndir;2014440;
6.11.2014;3.12.2014;Special;ndir;2013438;
6.11.2014;3.12.2014;Special;ndir;1159343;
6.11.2014;3.12.2014;Special;ndir;1159340;
6.11.2014;3.12.2014;Special;ndir;1157410;
6.11.2014;3.12.2014;Special;ndir;1157205;
6.11.2014;3.12.2014;Special;ndir;1157143;
6.11.2014;3.12.2014;Special;ndir;1157013;
6.11.2014;3.12.2014;Special;ndir;1156587;
6.11.2014;3.12.2014;Special;ndir;1156585;
6.11.2014;3.12.2014;Special;ndir;1156584;
6.11.2014;3.12.2014;Special;ndir;1156583;
6.11.2014;3.12.2014;Special;ndir;1156482;
6.11.2014;3.12.2014;Special;ndir;1156481;
6.11.2014;3.12.2014;Special;ndir;1156480;
6.11.2014;3.12.2014;Special;ndir;1156212;
6.11.2014;3.12.2014;Special;ndir;1154230;
6.11.2014;3.12.2014;Special;ndir;1151999;
6.11.2014;3.12.2014;Special;ndir;1151042;
6.11.2014;3.12.2014;Special;ndir;1150656;
6.11.2014;3.12.2014;Special;ndir;1149835;
6.11.2014;3.12.2014;Special;ndir;1139904;
6.11.2014;3.12.2014;Special;ndir;1139123;
6.11.2014;3.12.2014;Special;ndir;1137166;
6.11.2014;3.12.2014;Special;ndir;1124122;
6.11.2014;3.12.2014;Special;ndir;1122877;
6.11.2014;3.12.2014;Special;ndir;1121744;
6.11.2014;3.12.2014;Special;ndir;1113493;
6.11.2014;3.12.2014;Special;ndir;1100484;
6.11.2014;3.12.2014;Special;ndir;1089662;
6.11.2014;3.12.2014;Special;ndir;1086953;
6.11.2014;3.12.2014;Special;ndir;1078415;
6.11.2014;3.12.2014;Special;ndir;1036974;
6.11.2014;3.12.2014;Special;ndir;1036968;
6.11.2014;3.12.2014;Special;ndir;1024163;
3.09.2014;31.12.2014;Other;Dept extra;2021763;
3.09.2014;31.12.2014;Other;Dept extra;2021383;
3.09.2014;31.12.2014;Other;Dept extra;2021382;
3.09.2014;31.12.2014;Other;Dept extra;2021130;
3.09.2014;31.12.2014;Other;Dept extra;2020874;
3.09.2014;31.12.2014;Other;Dept extra;2020518;
3.09.2014;31.12.2014;Other;Dept extra;2019877;
3.09.2014;31.12.2014;Other;Dept extra;2019778;
3.09.2014;31.12.2014;Other;Dept extra;2019616;
3.09.2014;31.12.2014;Other;Dept extra;2019592;
3.09.2014;31.12.2014;Other;Dept extra;2019568;
3.09.2014;31.12.2014;Other;Dept extra;2019330;
3.09.2014;31.12.2014;Other;Dept extra;2019007;
3.09.2014;31.12.2014;Other;Dept extra;2018588;
3.09.2014;31.12.2014;Other;Dept extra;2018528;
3.09.2014;31.12.2014;Other;Dept extra;2018367;
3.09.2014;31.12.2014;Other;Dept extra;2017533;
3.09.2014;31.12.2014;Other;Dept extra;2017519;
3.09.2014;31.12.2014;Other;Dept extra;2017473;
3.09.2014;31.12.2014;Other;Dept extra;2016391;
3.09.2014;31.12.2014;Other;Dept extra;2016374;
3.09.2014;31.12.2014;Other;Dept extra;2016310;
3.09.2014;31.12.2014;Other;Dept extra;2014273;
3.09.2014;31.12.2014;Other;Dept extra;2014272;
3.09.2014;31.12.2014;Other;Dept extra;2014271;
3.09.2014;31.12.2014;Other;Dept extra;2014267;
3.09.2014;31.12.2014;Other;Dept extra;2013934;
3.09.2014;31.12.2014;Other;Dept extra;2012700;
3.09.2014;31.12.2014;Other;Dept extra;2010774;
3.09.2014;31.12.2014;Other;Dept extra;2010150;
3.09.2014;31.12.2014;Other;Dept extra;2004122;
3.09.2014;31.12.2014;Other;Dept extra;1157013;
3.09.2014;31.12.2014;Other;Dept extra;1156948;
3.09.2014;31.12.2014;Other;Dept extra;1156633;
3.09.2014;31.12.2014;Other;Dept extra;1156587;
3.09.2014;31.12.2014;Other;Dept extra;1156585;
3.09.2014;31.12.2014;Other;Dept extra;1156584;
3.09.2014;31.12.2014;Other;Dept extra;1156583;
3.09.2014;31.12.2014;Other;Dept extra;1156552;
3.09.2014;31.12.2014;Other;Dept extra;1156551;
3.09.2014;31.12.2014;Other;Dept extra;1156550;
3.09.2014;31.12.2014;Other;Dept extra;1156548;
3.09.2014;31.12.2014;Other;Dept extra;1156541;
3.09.2014;31.12.2014;Other;Dept extra;1156482;
3.09.2014;31.12.2014;Other;Dept extra;1156481;
3.09.2014;31.12.2014;Other;Dept extra;1156480;
3.09.2014;31.12.2014;Other;Dept extra;1156378;
3.09.2014;31.12.2014;Other;Dept extra;1156304;
3.09.2014;31.12.2014;Other;Dept extra;1156303;
3.09.2014;31.12.2014;Other;Dept extra;1156302;
3.09.2014;31.12.2014;Other;Dept extra;1156031;
3.09.2014;31.12.2014;Other;Dept extra;1155657;
3.09.2014;31.12.2014;Other;Dept extra;1155077;
3.09.2014;31.12.2014;Other;Dept extra;1155076;
3.09.2014;31.12.2014;Other;Dept extra;1155052;
3.09.2014;31.12.2014;Other;Dept extra;1155046;
3.09.2014;31.12.2014;Other;Dept extra;1152503;
3.09.2014;31.12.2014;Other;Dept extra;1152435;
3.09.2014;31.12.2014;Other;Dept extra;1152413;
3.09.2014;31.12.2014;Other;Dept extra;1152121;
3.09.2014;31.12.2014;Other;Dept extra;1152102;
3.09.2014;31.12.2014;Other;Dept extra;1151862;
3.09.2014;31.12.2014;Other;Dept extra;1151837;
3.09.2014;31.12.2014;Other;Dept extra;1151836;
3.09.2014;31.12.2014;Other;Dept extra;1151835;
3.09.2014;31.12.2014;Other;Dept extra;1151834;
3.09.2014;31.12.2014;Other;Dept extra;1151833;
3.09.2014;31.12.2014;Other;Dept extra;1147677;
3.09.2014;31.12.2014;Other;Dept extra;1146843;
3.09.2014;31.12.2014;Other;Dept extra;1146771;
3.09.2014;31.12.2014;Other;Dept extra;1146469;
3.09.2014;31.12.2014;Other;Dept extra;1146468;
3.09.2014;31.12.2014;Other;Dept extra;1146467;
3.09.2014;31.12.2014;Other;Dept extra;1146466;
3.09.2014;31.12.2014;Other;Dept extra;1146464;
3.09.2014;31.12.2014;Other;Dept extra;1146462;
3.09.2014;31.12.2014;Other;Dept extra;1146437;
3.09.2014;31.12.2014;Other;Dept extra;1145723;
3.09.2014;31.12.2014;Other;Dept extra;1145672;
3.09.2014;31.12.2014;Other;Dept extra;1145670;
3.09.2014;31.12.2014;Other;Dept extra;1145669;
3.09.2014;31.12.2014;Other;Dept extra;1145668;
3.09.2014;31.12.2014;Other;Dept extra;1145667;
3.09.2014;31.12.2014;Other;Dept extra;1145666;
3.09.2014;31.12.2014;Other;Dept extra;1144979;
3.09.2014;31.12.2014;Other;Dept extra;1143947;
3.09.2014;31.12.2014;Other;Dept extra;1143893;
3.09.2014;31.12.2014;Other;Dept extra;1143625;
3.09.2014;31.12.2014;Other;Dept extra;1143623;
3.09.2014;31.12.2014;Other;Dept extra;1143619;
3.09.2014;31.12.2014;Other;Dept extra;1143615;
3.09.2014;31.12.2014;Other;Dept extra;1143614;
3.09.2014;31.12.2014;Other;Dept extra;1143612;
3.09.2014;31.12.2014;Other;Dept extra;1143611;
3.09.2014;31.12.2014;Other;Dept extra;1143610;
3.09.2014;31.12.2014;Other;Dept extra;1143609;
3.09.2014;31.12.2014;Other;Dept extra;1143608;
3.09.2014;31.12.2014;Other;Dept extra;1143605;
3.09.2014;31.12.2014;Other;Dept extra;1143604;
3.09.2014;31.12.2014;Other;Dept extra;1143603;
3.09.2014;31.12.2014;Other;Dept extra;1136360;
3.09.2014;31.12.2014;Other;Dept extra;1122168;
3.09.2014;31.12.2014;Other;Dept extra;1114066;
3.09.2014;31.12.2014;Other;Dept extra;1111685;
3.09.2014;31.12.2014;Other;Dept extra;1111684;
3.09.2014;31.12.2014;Other;Dept extra;1111683;
3.09.2014;31.12.2014;Other;Dept extra;1111682;
3.09.2014;31.12.2014;Other;Dept extra;1111681;
3.09.2014;31.12.2014;Other;Dept extra;1111680;
3.09.2014;31.12.2014;Other;Dept extra;1111679;
3.09.2014;31.12.2014;Other;Dept extra;1111678;
3.09.2014;31.12.2014;Other;Dept extra;1092753;
3.09.2014;31.12.2014;Other;Dept extra;1090475;
5.12.2014;30.01.2015;flyer;Flyer;2022504;
5.12.2014;30.01.2015;flyer;Flyer;2020572;
5.12.2014;30.01.2015;flyer;Flyer;2019812;
5.12.2014;30.01.2015;flyer;Flyer;2019330;
5.12.2014;30.01.2015;flyer;Flyer;2019131;
5.12.2014;30.01.2015;flyer;Flyer;2018709;
5.12.2014;30.01.2015;flyer;Flyer;2018456;
5.12.2014;30.01.2015;flyer;Flyer;2017742;
5.12.2014;30.01.2015;flyer;Flyer;1151027;
5.12.2014;30.01.2015;flyer;Flyer;1149951;
5.12.2014;30.01.2015;flyer;Flyer;1148793;
5.12.2014;30.01.2015;flyer;Flyer;1146428;
5.12.2014;30.01.2015;flyer;Flyer;1139123;
5.12.2014;30.01.2015;flyer;Flyer;1137166;
5.12.2014;30.01.2015;flyer;Flyer;1136951;
5.12.2014;30.01.2015;flyer;Flyer;1136716;
5.12.2014;30.01.2015;flyer;Flyer;1115262;
5.12.2014;30.01.2015;flyer;Flyer;1113805;
5.12.2014;30.01.2015;flyer;Flyer;1111699;
5.12.2014;30.01.2015;flyer;Flyer;1100769;
5.12.2014;30.01.2015;flyer;Flyer;1092791;
5.12.2014;30.01.2015;flyer;Flyer;1086476;
5.12.2014;30.01.2015;flyer;Flyer;1024163;
